{
    "train_loss": [
        2.0680945904249914,
        0.2629100154905699,
        0.09269581447537027,
        0.04686470209490078,
        0.021520534145647748,
        0.015870055500066507,
        0.028394600392106444,
        0.07715654667990138,
        0.05879021367249499,
        0.03608700220104096
    ],
    "train_acc": [
        0.609538784067086,
        0.9520440251572327,
        0.9863731656184487,
        0.9924004192872118,
        0.9971174004192872,
        0.9989517819706499,
        0.9955450733752621,
        0.9813941299790356,
        0.9871593291404612,
        0.9918763102725366
    ],
    "train_precision": [
        0.6510821813760334,
        0.9526790460763472,
        0.9865309667175607,
        0.9925311114012517,
        0.9971811645219246,
        0.9989579885247709,
        0.995605328525959,
        0.9814064982709871,
        0.9871814917741519,
        0.9919409190019209
    ],
    "train_recall": [
        0.609538784067086,
        0.9520440251572327,
        0.9863731656184487,
        0.9924004192872118,
        0.9971174004192872,
        0.9989517819706499,
        0.9955450733752621,
        0.9813941299790356,
        0.9871593291404612,
        0.9918763102725366
    ],
    "train_f1": [
        0.616503128699441,
        0.951904223070973,
        0.9863408088618952,
        0.9924083064483018,
        0.9971198551317607,
        0.9989484886229382,
        0.995548278894586,
        0.9813094513937178,
        0.9870645124250995,
        0.9918730877879866
    ],
    "val_acc": [
        0.859538784067086,
        0.8909853249475891,
        0.9129979035639413,
        0.9129979035639413,
        0.9182389937106918,
        0.9150943396226415,
        0.8909853249475891,
        0.8784067085953878,
        0.8846960167714885,
        0.89937106918239
    ],
    "val_precision": [
        0.8809957351092201,
        0.911025325778199,
        0.9252289541551474,
        0.9289676140305071,
        0.9307628676753139,
        0.9257102954574818,
        0.9133772054289747,
        0.9015637505453888,
        0.9048095961224892,
        0.9123545293171635
    ],
    "val_recall": [
        0.859538784067086,
        0.8909853249475891,
        0.9129979035639413,
        0.9129979035639413,
        0.9182389937106918,
        0.9150943396226415,
        0.8909853249475891,
        0.8784067085953878,
        0.8846960167714885,
        0.89937106918239
    ],
    "val_f1": [
        0.8529683195009026,
        0.8905736459610429,
        0.9137953236877047,
        0.9152644036189074,
        0.9202077192179062,
        0.9159101164450908,
        0.8939104269439655,
        0.8815048639411337,
        0.886961866310569,
        0.899921307868752
    ],
    "val_loss": [
        0.09390868959202582,
        0.0813814249159124,
        0.08653171011783667,
        0.0779386310578486,
        0.0795997711859128,
        0.08050987905426345,
        0.07960064264416569,
        0.08000061609264877,
        0.08366958919787619,
        0.08389515033581409
    ]
}